{
	"n_targets": 30839,
	"n_bootstraps": 10,
	"n_processed": 31178152,
	"n_pseudoaligned": 20927747,
	"n_unique": 6358185,
	"p_pseudoaligned": 67.1,
	"p_unique": 20.4,
	"kallisto_version": "0.46.1",
	"index_version": 10,
	"start_time": "Wed Jul 07 17:52:35 2021",
	"call": "kallisto quant -i transcriptome.idx -o MC2 -b 10 MC2_CKDL210011122-1a_HC727DSX2_L2_1.fq.gz MC2_CKDL210011122-1a_HC727DSX2_L2_2.fq.gz MC2_CKDL210011122-1a_HF5M3DSX2_L2_1.fq.gz MC2_CKDL210011122-1a_HF5M3DSX2_L2_2.fq.gz"
}
