{
	"n_targets": 30839,
	"n_bootstraps": 10,
	"n_processed": 30487442,
	"n_pseudoaligned": 22354088,
	"n_unique": 6698290,
	"p_pseudoaligned": 73.3,
	"p_unique": 22.0,
	"kallisto_version": "0.46.1",
	"index_version": 10,
	"start_time": "Wed Jul 07 16:54:44 2021",
	"call": "kallisto quant -i transcriptome.idx -o EC1 -b 10 EC1_CKDL210011127-1a_HC727DSX2_L2_1.fq.gz EC1_CKDL210011127-1a_HC727DSX2_L2_2.fq.gz EC1_CKDL210011127-1a_HF5M3DSX2_L2_1.fq.gz EC1_CKDL210011127-1a_HF5M3DSX2_L2_2.fq.gz"
}
