{
	"n_targets": 30839,
	"n_bootstraps": 10,
	"n_processed": 29512801,
	"n_pseudoaligned": 18047775,
	"n_unique": 7719223,
	"p_pseudoaligned": 61.2,
	"p_unique": 26.2,
	"kallisto_version": "0.46.1",
	"index_version": 10,
	"start_time": "Wed Jul 07 17:04:04 2021",
	"call": "kallisto quant -i transcriptome.idx -o EC3 -b 10 EC3_CKDL210011129-1a_HC727DSX2_L2_1.fq.gz EC3_CKDL210011129-1a_HC727DSX2_L2_2.fq.gz EC3_CKDL210011129-1a_HF5M3DSX2_L2_1.fq.gz EC3_CKDL210011129-1a_HF5M3DSX2_L2_2.fq.gz"
}
