{
	"n_targets": 30839,
	"n_bootstraps": 10,
	"n_processed": 28683800,
	"n_pseudoaligned": 14909480,
	"n_unique": 4685759,
	"p_pseudoaligned": 52.0,
	"p_unique": 16.3,
	"kallisto_version": "0.46.1",
	"index_version": 10,
	"start_time": "Wed Jul 07 17:43:53 2021",
	"call": "kallisto quant -i transcriptome.idx -o MC1 -b 10 MC1_CKDL210011121-1a_HC727DSX2_L2_1.fq.gz MC1_CKDL210011121-1a_HC727DSX2_L2_2.fq.gz MC1_CKDL210011121-1a_HF5M3DSX2_L2_1.fq.gz MC1_CKDL210011121-1a_HF5M3DSX2_L2_2.fq.gz"
}
