{
	"n_targets": 30839,
	"n_bootstraps": 10,
	"n_processed": 31965135,
	"n_pseudoaligned": 22680221,
	"n_unique": 7486652,
	"p_pseudoaligned": 71.0,
	"p_unique": 23.4,
	"kallisto_version": "0.46.1",
	"index_version": 10,
	"start_time": "Wed Jul 07 18:10:25 2021",
	"call": "kallisto quant -i transcriptome.idx -o MC3 -b 10 MC3_CKDL210011123-1a_HC727DSX2_L2_1.fq.gz MC3_CKDL210011123-1a_HC727DSX2_L2_2.fq.gz MC3_CKDL210011123-1a_HF5M3DSX2_L2_1.fq.gz MC3_CKDL210011123-1a_HF5M3DSX2_L2_2.fq.gz"
}
